Name,Heading,Text,Link
Takayuki Tanaka,【SAP探検記】SAP Build Appsで簡単なフルスタックアプリを作ってみた　フロントエンド編,"はじめに
この記事は、2部構成の記事の後編になっています。ご覧になっていない方は前編からご覧ください。
<<LINK>>
【1】SAP Build Apps... Read More »",https://blogs.sap.com/2023/02/21/%e3%80%90sap%e6%8e%a2%e6%a4%9c%e8%a8%98%e3%80%91sap-build-apps%e3%81%a7%e7%b0%a1%e5%8d%98%e3%81%aa%e3%83%95%e3%83%ab%e3%82%b9%e3%82%bf%e3%83%83%e3%82%af%e3%82%a2%e3%83%97%e3%83%aa%e3%82%92%e4%bd%9c-2/
Takayuki Tanaka,【SAP探検記】SAP Build Appsで簡単なフルスタックアプリを作ってみた　フロントエンド編,"はじめに
この記事は、2部構成の記事の後編になっています。ご覧になっていない方は前編からご覧ください。
<<LINK>>
【1】SAP Build Apps... Read More »",https://blogs.sap.com/2023/02/21/%e3%80%90sap%e6%8e%a2%e6%a4%9c%e8%a8%98%e3%80%91sap-build-apps%e3%81%a7%e7%b0%a1%e5%8d%98%e3%81%aa%e3%83%95%e3%83%ab%e3%82%b9%e3%82%bf%e3%83%83%e3%82%af%e3%82%a2%e3%83%97%e3%83%aa%e3%82%92%e4%bd%9c-2/
Takayuki Tanaka,【SAP探検記】SAP Build Appsで簡単なフルスタックアプリを作ってみた　フロントエンド編,"はじめに
この記事は、2部構成の記事の後編になっています。ご覧になっていない方は前編からご覧ください。
<<LINK>>
【1】SAP Build Apps... Read More »",https://blogs.sap.com/2023/02/21/%e3%80%90sap%e6%8e%a2%e6%a4%9c%e8%a8%98%e3%80%91sap-build-apps%e3%81%a7%e7%b0%a1%e5%8d%98%e3%81%aa%e3%83%95%e3%83%ab%e3%82%b9%e3%82%bf%e3%83%83%e3%82%af%e3%82%a2%e3%83%97%e3%83%aa%e3%82%92%e4%bd%9c-2/
Takayuki Tanaka,【SAP探検記】SAP Build Appsで簡単なフルスタックアプリを作ってみた　フロントエンド編,"はじめに
この記事は、2部構成の記事の後編になっています。ご覧になっていない方は前編からご覧ください。
<<LINK>>
【1】SAP Build Apps... Read More »",https://blogs.sap.com/2023/02/21/%e3%80%90sap%e6%8e%a2%e6%a4%9c%e8%a8%98%e3%80%91sap-build-apps%e3%81%a7%e7%b0%a1%e5%8d%98%e3%81%aa%e3%83%95%e3%83%ab%e3%82%b9%e3%82%bf%e3%83%83%e3%82%af%e3%82%a2%e3%83%97%e3%83%aa%e3%82%92%e4%bd%9c-2/
Takayuki Tanaka,【SAP探検記】SAP Build Process AutomationとS/4HANA Cloudをつなげて遊んでみた,"はじめに
今回は、自動化を推進するノーコード・ワークフロー作成ツールであるSAP Build Process AutomationからSAP S/4HANA... Read More »",https://blogs.sap.com/2023/02/21/%e3%80%90sap%e6%8e%a2%e6%a4%9c%e8%a8%98%e3%80%91sap-build-process-automation%e3%81%a8s-4hana-cloud%e3%82%92%e3%81%a4%e3%81%aa%e3%81%92%e3%81%a6%e9%81%8a%e3%82%93%e3%81%a7%e3%81%bf%e3%81%9f/
Takayuki Tanaka,【SAP探検記】SAP Build Process AutomationとS/4HANA Cloudをつなげて遊んでみた,"はじめに
今回は、自動化を推進するノーコード・ワークフロー作成ツールであるSAP Build Process AutomationからSAP S/4HANA... Read More »",https://blogs.sap.com/2023/02/21/%e3%80%90sap%e6%8e%a2%e6%a4%9c%e8%a8%98%e3%80%91sap-build-process-automation%e3%81%a8s-4hana-cloud%e3%82%92%e3%81%a4%e3%81%aa%e3%81%92%e3%81%a6%e9%81%8a%e3%82%93%e3%81%a7%e3%81%bf%e3%81%9f/
Takayuki Tanaka,【SAP探検記】SAP Build Process AutomationとS/4HANA Cloudをつなげて遊んでみた,"はじめに
今回は、自動化を推進するノーコード・ワークフロー作成ツールであるSAP Build Process AutomationからSAP S/4HANA... Read More »",https://blogs.sap.com/2023/02/21/%e3%80%90sap%e6%8e%a2%e6%a4%9c%e8%a8%98%e3%80%91sap-build-process-automation%e3%81%a8s-4hana-cloud%e3%82%92%e3%81%a4%e3%81%aa%e3%81%92%e3%81%a6%e9%81%8a%e3%82%93%e3%81%a7%e3%81%bf%e3%81%9f/
Takayuki Tanaka,【SAP探検記】SAP Build Process AutomationとS/4HANA Cloudをつなげて遊んでみた,"はじめに
今回は、自動化を推進するノーコード・ワークフロー作成ツールであるSAP Build Process AutomationからSAP S/4HANA... Read More »",https://blogs.sap.com/2023/02/21/%e3%80%90sap%e6%8e%a2%e6%a4%9c%e8%a8%98%e3%80%91sap-build-process-automation%e3%81%a8s-4hana-cloud%e3%82%92%e3%81%a4%e3%81%aa%e3%81%92%e3%81%a6%e9%81%8a%e3%82%93%e3%81%a7%e3%81%bf%e3%81%9f/
Takayuki Tanaka,【SAP探検記】SAP Build Appsで簡単なフルスタックアプリを作ってみた　バックエンド編,"はじめに
今回のブログでは、SAP Build Appsの中に新たに登場したVisual Cloud... Read More »",https://blogs.sap.com/2023/02/21/%e3%80%90sap%e6%8e%a2%e6%a4%9c%e8%a8%98%e3%80%91sap-build-apps%e3%81%a7%e7%b0%a1%e5%8d%98%e3%81%aa%e3%83%95%e3%83%ab%e3%82%b9%e3%82%bf%e3%83%83%e3%82%af%e3%82%a2%e3%83%97%e3%83%aa%e3%82%92%e4%bd%9c/
Takayuki Tanaka,【SAP探検記】SAP Build Appsで簡単なフルスタックアプリを作ってみた　バックエンド編,"はじめに
今回のブログでは、SAP Build Appsの中に新たに登場したVisual Cloud... Read More »",https://blogs.sap.com/2023/02/21/%e3%80%90sap%e6%8e%a2%e6%a4%9c%e8%a8%98%e3%80%91sap-build-apps%e3%81%a7%e7%b0%a1%e5%8d%98%e3%81%aa%e3%83%95%e3%83%ab%e3%82%b9%e3%82%bf%e3%83%83%e3%82%af%e3%82%a2%e3%83%97%e3%83%aa%e3%82%92%e4%bd%9c/
Takayuki Tanaka,【SAP探検記】SAP Build Appsで簡単なフルスタックアプリを作ってみた　バックエンド編,"はじめに
今回のブログでは、SAP Build Appsの中に新たに登場したVisual Cloud... Read More »",https://blogs.sap.com/2023/02/21/%e3%80%90sap%e6%8e%a2%e6%a4%9c%e8%a8%98%e3%80%91sap-build-apps%e3%81%a7%e7%b0%a1%e5%8d%98%e3%81%aa%e3%83%95%e3%83%ab%e3%82%b9%e3%82%bf%e3%83%83%e3%82%af%e3%82%a2%e3%83%97%e3%83%aa%e3%82%92%e4%bd%9c/
Takayuki Tanaka,【SAP探検記】SAP Build Appsで簡単なフルスタックアプリを作ってみた　バックエンド編,"はじめに
今回のブログでは、SAP Build Appsの中に新たに登場したVisual Cloud... Read More »",https://blogs.sap.com/2023/02/21/%e3%80%90sap%e6%8e%a2%e6%a4%9c%e8%a8%98%e3%80%91sap-build-apps%e3%81%a7%e7%b0%a1%e5%8d%98%e3%81%aa%e3%83%95%e3%83%ab%e3%82%b9%e3%82%bf%e3%83%83%e3%82%af%e3%82%a2%e3%83%97%e3%83%aa%e3%82%92%e4%bd%9c/
Takayuki Tanaka,【SAP備忘録】SAP Build Process AutomationでAPI接続アクションを定義する,"はじめに
SAP Build Process... Read More »",https://blogs.sap.com/2023/02/21/%e3%80%90sap%e5%82%99%e5%bf%98%e9%8c%b2%e3%80%91sap-build-process-automation%e3%81%a7api%e6%8e%a5%e7%b6%9a%e3%82%a2%e3%82%af%e3%82%b7%e3%83%a7%e3%83%b3%e3%82%92%e5%ae%9a%e7%be%a9%e3%81%99%e3%82%8b/
Takayuki Tanaka,【SAP備忘録】SAP Build Process AutomationでAPI接続アクションを定義する,"はじめに
SAP Build Process... Read More »",https://blogs.sap.com/2023/02/21/%e3%80%90sap%e5%82%99%e5%bf%98%e9%8c%b2%e3%80%91sap-build-process-automation%e3%81%a7api%e6%8e%a5%e7%b6%9a%e3%82%a2%e3%82%af%e3%82%b7%e3%83%a7%e3%83%b3%e3%82%92%e5%ae%9a%e7%be%a9%e3%81%99%e3%82%8b/
Takayuki Tanaka,【SAP備忘録】SAP Build Process AutomationでAPI接続アクションを定義する,"はじめに
SAP Build Process... Read More »",https://blogs.sap.com/2023/02/21/%e3%80%90sap%e5%82%99%e5%bf%98%e9%8c%b2%e3%80%91sap-build-process-automation%e3%81%a7api%e6%8e%a5%e7%b6%9a%e3%82%a2%e3%82%af%e3%82%b7%e3%83%a7%e3%83%b3%e3%82%92%e5%ae%9a%e7%be%a9%e3%81%99%e3%82%8b/
Takayuki Tanaka,【SAP備忘録】SAP Build Process AutomationでAPI接続アクションを定義する,"はじめに
SAP Build Process... Read More »",https://blogs.sap.com/2023/02/21/%e3%80%90sap%e5%82%99%e5%bf%98%e9%8c%b2%e3%80%91sap-build-process-automation%e3%81%a7api%e6%8e%a5%e7%b6%9a%e3%82%a2%e3%82%af%e3%82%b7%e3%83%a7%e3%83%b3%e3%82%92%e5%ae%9a%e7%be%a9%e3%81%99%e3%82%8b/
Zsofia Stepanne Kolozsvari,Differences Between Specification Management in EHS and EPD,"I know changes are always hard. But they are also an opportunity to think through what could be even better. If you never used the Specification Management from SAP before, this is not your article (but consider looking into the new capability... Read More »",https://blogs.sap.com/2023/02/21/differences-between-specification-management-in-ehs-and-epd/
Zsofia Stepanne Kolozsvari,Differences Between Specification Management in EHS and EPD,"I know changes are always hard. But they are also an opportunity to think through what could be even better. If you never used the Specification Management from SAP before, this is not your article (but consider looking into the new capability... Read More »",https://blogs.sap.com/2023/02/21/differences-between-specification-management-in-ehs-and-epd/
Zsofia Stepanne Kolozsvari,Differences Between Specification Management in EHS and EPD,"I know changes are always hard. But they are also an opportunity to think through what could be even better. If you never used the Specification Management from SAP before, this is not your article (but consider looking into the new capability... Read More »",https://blogs.sap.com/2023/02/21/differences-between-specification-management-in-ehs-and-epd/
Zsofia Stepanne Kolozsvari,Differences Between Specification Management in EHS and EPD,"I know changes are always hard. But they are also an opportunity to think through what could be even better. If you never used the Specification Management from SAP before, this is not your article (but consider looking into the new capability... Read More »",https://blogs.sap.com/2023/02/21/differences-between-specification-management-in-ehs-and-epd/
